作品名,放映開始日,放映終了日,区分,曲名,作詞者,作曲者,編曲者,歌唱者,備考
おとぎマンガカレンダ－,1962/06/25,1964/06/25,---,---,---,---,---,---,---
鉄腕アトム,1963/01/01,1966/12/31,OP1,鉄腕アトム,谷川俊太郎,高井達雄,---,---(インスト),クラウン・ポニー・ボーイズは上高田少年合唱団の別名という情報もあるが、詳細不明。
鉄腕アトム,1963/01/01,1966/12/31,OP2,鉄腕アトム,谷川俊太郎,高井達雄,---,上高田少年合唱団,クラウン・ポニー・ボーイズは上高田少年合唱団の別名という情報もあるが、詳細不明。
鉄腕アトム,1963/01/01,1966/12/31,OP3,鉄腕アトム,谷川俊太郎,高井達雄,---,クラウン・ポニー・ボーイズ,クラウン・ポニー・ボーイズは上高田少年合唱団の別名という情報もあるが、詳細不明。
鉄腕アトム,1963/01/01,1966/12/31,ED,鉄腕アトム,---,高井達雄,---,---(インスト),クラウン・ポニー・ボーイズは上高田少年合唱団の別名という情報もあるが、詳細不明。
鉄腕アトム,1963/01/01,1966/12/31,他（挿入歌等）,ロボット･マーチ,谷川俊太郎,高井達雄,---,上高田少年合唱団,クラウン・ポニー・ボーイズは上高田少年合唱団の別名という情報もあるが、詳細不明。
仙人部落,1963/09/04,1964/02/23,OP,仙人部落のテーマ,---,山下毅雄,---,(スキャット)スリー・グレイセス,---
鉄人28号 [第１期］,1963/10/20,1965/05/27,OP,鉄人28号,三木鶏郎,三木鶏郎,---,デューク・エイセス,---
鉄人28号 [第１期］,1963/10/20,1965/05/27,ED1,正太郎のマーチ,---,越部信義,---,---,---
鉄人28号 [第１期］,1963/10/20,1965/05/27,ED2,進め正太郎,伊藤アキラ,越部信義,---,西六郷少年合唱団,---
エイトマン,1963/11/07,1964/12/24,OP,エイトマン,前田武彦,荻原哲晶,荻原哲晶,克美しげる,---
エイトマン,1963/11/07,1964/12/24,ED,エイトマン,---,荻原哲晶,---,---（インスト）,---
エイトマン,1963/11/07,1964/12/24,他（挿入歌等）,夜のエイトマン,前田武彦,荻原哲晶,---,ミュージカル･アカデミー,---
狼少年ケン,1963/11/25,1965/08/16,OP,狼少年ケン,大野寛夫,小林亜星,---,西六郷少年合唱団,OP・ED歌唱者はビクター少年合唱団（隊）の可能性あり。EDはSEなし、別テイクなど3パターンあるとされている。
狼少年ケン,1963/11/25,1965/08/16,ED,狼少年ケン(別テイクVer),大野寛夫,小林亜星,---,西六郷少年合唱団,OP・ED歌唱者はビクター少年合唱団（隊）の可能性あり。EDはSEなし、別テイクなど3パターンあるとされている。
狼少年ケン,1963/11/25,1965/08/16,他（挿入歌等）,ジャングルマーチ,いいじまたかし,小林亜星,---,西六郷少年合唱団,OP・ED歌唱者はビクター少年合唱団（隊）の可能性あり。EDはSEなし、別テイクなど3パターンあるとされている。
狼少年ケン,1963/11/25,1965/08/16,他（挿入歌等）,ポッポとチッチのうた,いいじまたかし,小林亜星,---,水垣洋子,OP・ED歌唱者はビクター少年合唱団（隊）の可能性あり。EDはSEなし、別テイクなど3パターンあるとされている。
シスコン王子,1963/12/20,1964/03/27,---,---,---,---,---,---,---
０戦はやと,1964/01/21,1964/10/27,OP1,０戦はやと,倉本 聰,渡辺岳夫,---,ボーカル･ショップ,---
０戦はやと,1964/01/21,1964/10/27,OP2・ED,０戦はやと,倉本 聰,渡辺岳夫,---,ひばり児童合唱団,---
０戦はやと,1964/01/21,1964/10/27,他（挿入歌等）,０戦はやと爆風隊の唄,倉本 聰,渡辺岳夫,---,ボーカル･ショップ,---
少年忍者風のフジ丸,1964/06/07,1965/08/31,OP・ED１,少年忍者風のフジ丸,小川敬一,服部公一,---,鹿内タカシ､西六郷少年合唱団,---
少年忍者風のフジ丸,1964/06/07,1965/08/31,ED２,たたかう少年忍者,小川敬一,服部公一,---,西六郷少年合唱団,---
ビッグX,1964/08/03,1965/09/27,OP・ED,ビッグX,谷川俊太郎,冨田 勲,---,上高田少年合唱団,---
未来からきた少年 スーパージェッター,1965/01/07,1966/01/20,OP,スーパー･ジェッター,加納一朗,山下毅雄,---,上高田少年合唱団,---
未来からきた少年 スーパージェッター,1965/01/07,1966/01/20,ED,スーパー･ジェッター,---,山下毅雄,---,---(インスト）,---
未来からきた少年 スーパージェッター,1965/01/07,1966/01/20,他（挿入歌等）,流星号のマーチ,加納一朗,山下毅雄,---,ヴォーカル・ショップ,---
宇宙パトロールホッパ,1965/02/01,1965/07/26,OP,宇宙パトロール・ホッパ,保波 順,菊池俊輔,---,上高田少年合唱団,'65.8.2より「パトロールホッパ 宇宙っ子ジュン｣に改題。
宇宙パトロールホッパ,1965/02/01,1965/07/26,ED,ジュンの歌,保波 順,菊池俊輔,---,上高田少年合唱団,'65.8.2より「パトロールホッパ 宇宙っ子ジュン｣に改題。
ドルフィン王子,1965/04/04,1965/04/18,---,---,---,---,---,---,---
宇宙人ピピ,1965/04/08,1966/03/31,OP,宇宙人ピピ,若林一郎,冨田 勲,---,中村メイコ､みすず児童合唱団,---
宇宙人ピピ,1965/04/08,1966/03/31,他（挿入歌等）,ピピのうた,小松左京,冨田 勲,---,中村メイコ､石川夕美子､清水由紀子、フール・サンズ・セレナーダス,---
宇宙少年ソラン,1965/05/04,1967/03/28,OP,宇宙少年ソラン,安井かずみ/いずみたく,いずみたく,---,上高田少年合唱団,---
宇宙少年ソラン,1965/05/04,1967/03/28,ED,宇宙少年ソラン,---,いずみたく,---,---(インスト),---
宇宙少年ソラン,1965/05/04,1967/03/28,ED,いざ行けソラン,いずみたく,いずみたく,---,吉田亜矢､みすず児童合唱団,---
宇宙エース,1965/05/08,1966/04/28,OP,星の炎に,やなせたかし,いずみたく,---,みすず児童合唱団､東京混声合唱団,---
怪盗プライド,1965/05/31,1965/11/04,---,---,---,---,---,---,---
遊星少年パピイ,1965/06/03,1966/05/27,OP,遊星少年パピイ,三木鶏郎,三木鶏郎,---,デューク・エイセス,---
遊星少年パピイ,1965/06/03,1966/05/27,ED,遊星少年パピイ,---,三木鶏郎,---,---（インスト）,---
遊星少年パピイ,1965/06/03,1966/05/27,他（挿入歌等）,おやすみパピイ,三木鶏郎,三木鶏郎,---,岸 洋子､東京ルナ・アルモニコ,---
W３,1965/06/06,1966/06/27,OP2・ED,ワンダースリー,北川幸比古,宇野誠一郎,---,ボーカル･ショップ､白石冬美､近石真介､小島康男,---
W３,1965/06/06,1966/06/27,(ED),ワンダースリー,---,宇野誠一郎,---,---（インスト）,---
W３,1965/06/06,1966/06/27,他（挿入歌等）,ぼくのすてきなママとパパ,北川幸比古,宇野誠一郎,---,前川陽子,---
W３,1965/06/06,1966/06/27,他（挿入歌等）,シェリーの歌,北川幸比古/松川よしあき,宇野誠一郎,---,原田よし子,---
パトロールホッパ 宇宙っ子ジュン,1965/08/02,1965/11/29,OP,宇宙パトロール・ホッパ,保波 順,菊地俊輔,---,上高田少年合唱団,---
パトロールホッパ 宇宙っ子ジュン,1965/08/02,1965/11/29,ED,宇宙っ子ジュン,保波 順,菊地俊輔,---,上高田少年合唱団,---
オバケのQ太郎,1965/08/29,1969/03/26,OP1,オバケのQ太郎,東京ムービー企画部,広瀬健次郎,---,石川 進,---
オバケのQ太郎,1965/08/29,1969/03/26,OP2・ED2,オバQ音頭,藤子不二雄,広瀬健次郎,---,石川 進､曽我町子,---
オバケのQ太郎,1965/08/29,1969/03/26,ED1,ぼくとQちゃん,遠藤隆智,広瀬健次郎,---,吉田亜矢,---
鉄人28号 [第２期］,1965/09/01,1966/05/25,---,---,---,---,---,---,OP・EDは第１期（'６３．１０．２０～'６５．５．２７）より変更なし。
ジャングル大帝,1965/10/06,1966/09/28,OP１,ジャングル大帝のテーマ,石郷岡豪,冨田 勲,---,平野忠彦,---
ジャングル大帝,1965/10/06,1966/09/28,OP２,ジャングル大帝のテーマ,---,冨田 勲,---,（スキャット）平野忠彦,---
ジャングル大帝,1965/10/06,1966/09/28,ED,レオのうた,辻真先,冨田 勲,---,弘田三枝子､コロムビア合唱団,---
ハッスルパンチ,1965/11/01,1966/04/25,OP・ED,ハッスルパンチの歌,小林亜星,小林亜星,---,大山のぶ代､水垣洋子､久里千春､西六郷少年合唱団,---
ハッスルパンチ,1965/11/01,1966/04/25,他（挿入歌等）,パンチ･タッチ・ブンの歌,若井基成,小林亜星,---,大山のぶ代､水垣洋子､久里千春,---
ハッスルパンチ,1965/11/01,1966/04/25,他（挿入歌等）,おやすみなさい,若井基成,小林亜星,---,泉みどり,---
戦え!オスパー,1965/12/14,1967/10/31,OP,戦え!オスパー,寺山修司,冨田 勲,---,山田太郎､クラウン･ポニー･ボーイズ,---
戦え!オスパー,1965/12/14,1967/10/31,他（挿入歌等）,ユミのうた,寺山修司,冨田 勲,---,東山明美,---
おそ松くん,1966/02/05,1967/03/25,OP1・ED１,おそ松くん,赤塚不二夫,渡辺浦人,---,ヤング･フレッシュ､小林恭冶､田上和枝,---
おそ松くん,1966/02/05,1967/03/25,OP2・ED2,おそ松くん[新主題歌],赤塚不二夫,三保敬太郎,---,藤田まこと,---
おそ松くん,1966/02/05,1967/03/25,他（挿入歌等）,おそ松くんのうた,井上ひさし/山元護久,宇野誠一郎,---,松島みのり､山本圭子､黒柳徹子､佐山智子､三多村智野,---
おそ松くん,1966/02/05,1967/03/25,他（挿入歌等）,おそ松くん音頭,赤塚不二夫,宇野誠一郎,---,松島みのり､山本圭子､黒柳徹子､佐山智子､三多村智野,---
レインボー戦隊ロビン,1966/04/23,1967/03/31,OP１,レインボー戦隊ロビン,小川敬一,服部公一,---,レインボーハーモニー,---
レインボー戦隊ロビン,1966/04/23,1967/03/31,ED１,ロビンの宇宙旅行,小川敬一,服部公一,---,レインボーハーモニー,---
レインボー戦隊ロビン,1966/04/23,1967/03/31,OP２,進め!ロビン,小川敬一,服部公一,---,上高田少年合唱団,---
レインボー戦隊ロビン,1966/04/23,1967/03/31,ED２,すてきなリリ,小川敬一,服部公一,---,前川陽子,---
海賊王子,1966/05/02,1966/11/28,OP,海賊王子,吉野次郎,服部公一,---,友竹正則､上高田少年合唱団,---
海賊王子,1966/05/02,1966/11/28,ED,海賊稼業はやめられない,浦川けんじ,宮崎尚志,---,ボーカル･ショップ,---
ハリスの旋風,1966/05/05,1967/08/31,OP・ED,ハリスの旋風,いしいたもつ,淡の圭一,---,ガチャトリアン（スタジオ･コーラス）,---
遊星仮面,1966/06/03,1967/03/28,OP,遊星仮面,三木鶏郎,三木鶏郎,---,デューク･エイセス,---
遊星仮面,1966/06/03,1967/03/28,他（挿入歌等）,ピーターのテーマ,(不明),(不明),---,(不明),---
キリンものしり大学 明日のカレンダー,1966/07/01,1970/08/02,---,---,---,---,---,---,---
ロボタン,1966/10/04,1968/09/27,OP１,ロボタンの歌,㈱大広,小倉 靖,小倉 靖,古今亭志ん朝､ヴォーカル・ショップ,ED2は「見ちゃったんだよロボタンの秘密…｣という歌で､視聴者から歌詞(どんな秘密を見ちゃったか)を募集して毎回違う歌を流していた。
ロボタン,1966/10/04,1968/09/27,ED１,ロボタンマーチ（ウヒャヒャのキッキキ）,㈱大広,小倉 靖,小倉 靖,ハニー・ナイツ,ED2は「見ちゃったんだよロボタンの秘密…｣という歌で､視聴者から歌詞(どんな秘密を見ちゃったか)を募集して毎回違う歌を流していた。
ロボタン,1966/10/04,1968/09/27,ED２,見ちゃったんだヨの唄,---,小倉 靖,---,---,ED2は「見ちゃったんだよロボタンの秘密…｣という歌で､視聴者から歌詞(どんな秘密を見ちゃったか)を募集して毎回違う歌を流していた。
ジャングル大帝 進めレオ!,1966/10/05,1967/03/29,OP,ジャングル大帝のうた（進めレオ!主題歌）,三木鶏郎,三木鶏郎,冨田 勲,ハッピー･ビーンズ,---
ジャングル大帝 進めレオ!,1966/10/05,1967/03/29,ED,レオのうた,辻真先,冨田 勲,---,弘田三枝子､コロムビア合唱団,---
がんばれ!マリンキッド,1966/10/06,1966/12/29,OP１,マリン・キッドの歌,横井 弘,広瀬健次郎,---,ボニー・ジャックス､ヴォーチェ・アンジェリカ,---
がんばれ!マリンキッド,1966/10/06,1966/12/29,OP２,がんばれ!マリンキッド・ゴー!!,白鳥朝詠,塚原哲夫,塚原哲夫,トニーズ,---
がんばれ!マリンキッド,1966/10/06,1966/12/29,他（挿入歌等）,ネプティーナのワルツ,白鳥朝詠,塚原哲夫,塚原哲夫,西六郷少年少女合唱団,---
とびだせ!バッチリ,1966/11/14,1967/04/15,OP,とびだせ!バッチリ,西田 一,宮内国郎,---,加藤みどり,---
とびだせ!バッチリ,1966/11/14,1967/04/15,他（挿入歌等）,バッチリ･ソング,西田 一,宮内国郎,---,〃,---
魔法使いサリー,1966/12/05,1968/12/30,OP１,魔法使いサリーのうた,山本 清,小林亜星,---,スリー･グレイセス,---
魔法使いサリー,1966/12/05,1968/12/30,ED１,魔法のマンボ,山本 清,小林亜星,---,前川陽子､ハニー･ナイツ,---
魔法使いサリー,1966/12/05,1968/12/30,ED２,いたずらのうた,山本 清,小林亜星,---,加藤みどり､野沢雅子､平井道子､浅井ゆかり､千々松幸子,---
魔法使いサリー,1966/12/05,1968/12/30,ED３,パッパッパッのチョイナ,山本 清,小林亜星,---,水垣洋子､フォー・メイツ,---
悟空の大冒険,1967/01/07,1967/09/30,OP１,悟空の大冒険マーチ,吉岡 治,宇野誠一郎,---,ヤング･フレッシュ,---
悟空の大冒険,1967/01/07,1967/09/30,ED１,悟空がすきすき,吉岡 治､宇野誠一郎,宇野誠一郎,---,ヤング･フレッシュ,---
悟空の大冒険,1967/01/07,1967/09/30,ED２,悟空音頭,井上ひさし,宇野誠一郎,---,中山千夏､ヤング･フレッシュ,---
すばらしい世界旅行 アラスカの旅“第五氷河期”,1967/01/29,1967/02/05,---,---,---,---,---,---,---
黄金バット,1967/04/01,1968/03/23,OP,黄金バット,第一動画文芸部,田中正史,---,ボーカル･ショップ,---
黄金バット,1967/04/01,1968/03/23,ED,黄金バット数え歌,第一動画文芸部,田中正史,---,鈴木やすし､コロムビアゆりかご会,---
かみなり坊やピッカリ・ビー,1967/04/01,1968/03/30,OP,ピッカリ・ビーのうた,ピッカリ・ビー・グループ,荻原哲晶,---,天地総子､ボン・クール,---
かみなり坊やピッカリ・ビー,1967/04/01,1968/03/30,他（挿入歌等）,雲のドライブ,荻原哲晶,荻原哲晶,---,美保くるり,---
リボンの騎士,1967/04/02,1968/04/07,OP１,リボンの騎士(王子編),能 加平,冨田 勲,---,前川陽子,EDは前奏部分の歌声が「タラリラッタ・・・」と「パピパプッパ・・・」で始まる2種類が存在するが、本放送でどのように使用されたかは不明。
リボンの騎士,1967/04/02,1968/04/07,OP２,リボンの騎士(王子編),能 加平,冨田 勲,---,---(インスト),EDは前奏部分の歌声が「タラリラッタ・・・」と「パピパプッパ・・・」で始まる2種類が存在するが、本放送でどのように使用されたかは不明。
リボンの騎士,1967/04/02,1968/04/07,OP3,リボンの騎士(王女編),能 加平,冨田 勲,---,前川陽子,EDは前奏部分の歌声が「タラリラッタ・・・」と「パピパプッパ・・・」で始まる2種類が存在するが、本放送でどのように使用されたかは不明。
リボンの騎士,1967/04/02,1968/04/07,OP4,リボンの騎士(王女編),能 加平,冨田 勲,---,---(インスト),EDは前奏部分の歌声が「タラリラッタ・・・」と「パピパプッパ・・・」で始まる2種類が存在するが、本放送でどのように使用されたかは不明。
リボンの騎士,1967/04/02,1968/04/07,ED,リボンのマーチ,能 加平,冨田 勲,---,前川陽子､ヤング･フレッシュ,EDは前奏部分の歌声が「タラリラッタ・・・」と「パピパプッパ・・・」で始まる2種類が存在するが、本放送でどのように使用されたかは不明。
マッハGoGoGo,1967/04/02,1968/03/31,OP,マッハ ゴーゴーゴー,吉田竜夫､伊藤アキラ[補],越部信義,---,ボーカル･ショップ,---
マッハGoGoGo,1967/04/02,1968/03/31,ED,マッハ ゴーゴーゴー,---,越部信義,---,---(インスト),---
マッハGoGoGo,1967/04/02,1968/03/31,他（挿入歌等）,たまにゃのどかに,筒井敬介,越部信義,---,ボーカル･ショップ､杉並児童合唱団,---
パーマン,1967/04/02,1968/04/14,OP,ぼくらのパーマン,藤子不二雄,越部信義,---,三輪勝恵､石川 進,---
パーマン,1967/04/02,1968/04/14,他（挿入歌等）,ステキなパー子,藤子不二雄,越部信義,---,久里洋子,---
冒険ガボテン島,1967/04/04,1967/12/26,OP,冒険ガボテン島,吉永淳一,山下毅雄,---,ボーカル･ショップ､杉山佳寿子､野沢雅子､太田淑子､、伊藤牧子､北川智恵子､東 美恵､西尾 徳,---
冒険ガボテン島,1967/04/04,1967/12/26,ED,冒険ガボテン島,---,山下毅雄,---,---(インスト),---
冒険ガボテン島,1967/04/04,1967/12/26,ED,いつもコンビで,吉永淳一,山下毅雄,---,杉山佳寿子､野沢雅子､ 伊藤牧子､西尾 徳,---
キングコング,1967/04/05,1967/10/04,OP,キング･コング,小林亜星,小林亜星,---,藤田淑子,---
００1/7親指トム,1967/04/05,1967/10/04,OP,００1/7親指トム,小林亜星,小林亜星,---,フォー・シンガーズ,EDはキングコングと００1/7親指トムの混合。
コメットさん,1967/07/03,1968/12/30,OP１,コメットさん,寺山修司,湯浅譲二,---,九重佑三子,---
コメットさん,1967/07/03,1968/12/30,OP２,コメットさん,川崎 洋,中村八大,中村八大,九重佑三子,---
コメットさん,1967/07/03,1968/12/30,ED１,ポロロン･ワルツ,香川登志緒,浅井修三,橋本光雄,九重佑三子,---
コメットさん,1967/07/03,1968/12/30,ED２,花が好き夢が好き,やなせたかし,中村八大,中村八大,九重佑三子,---
コメットさん,1967/07/03,1968/12/30,ED３,わたしの心はとても小さい,やなせたかし,中村八大,中村八大,九重佑三子,---
コメットさん,1967/07/03,1968/12/30,ED４,ジグザグな屋根の下で,やなせたかし,宮崎尚志,---,九重佑三子,---
コメットさん,1967/07/03,1968/12/30,ED５,はなの上のニキビくん,やなせたかし,宮崎尚志,---,九重佑三子,---
コメットさん,1967/07/03,1968/12/30,ED６,恋のゆりかご,松島由佳,小林郁夫,---,九重佑三子,---
ピュンピュン丸 [第1期],1967/07/03,1967/09/18,OP,ピュンピュン丸,つのだじろう,小川寛興,---,財津一郎,「花のピュンピュン丸」は正式名称ではない。
ピュンピュン丸 [第1期],1967/07/03,1967/09/18,ED,風といっしょに,つのだじろう,小川寛興,---,前川陽子,「花のピュンピュン丸」は正式名称ではない。
ドンキッコ,1967/09/07,1968/01/25,OP,ドンキッコ,藤原法夫,淡の圭一,---,山本喜代子､山岸比呂美,---
ドンキッコ,1967/09/07,1968/01/25,他（挿入歌等）,ドンキッコソング,藤原法夫,淡の圭一,---,山本喜代子､山岸比呂美,---
冒険少年シャダー,1967/09/18,1968/03/16,OP,冒険少年シャダー [シャダーの歌］,寺山修司,増田豊利,---,鈴木 忠､CAポップス,---
冒険少年シャダー,1967/09/18,1968/03/16,他（挿入歌等）,怪人ゴースターの歌,寺山修司,増田豊利,---,長 弘,---
ちびっこ怪獣ヤダモン,1967/10/02,1968/03/25,OP1・ED2,ちびっこ怪獣ヤダモン,宇野誠一郎,宇野誠一郎,---,中島そのみ,---
ちびっこ怪獣ヤダモン,1967/10/02,1968/03/25,ED1・OP2,オー･ノー・ヤダモン,宇野誠一郎,宇野誠一郎,---,中島そのみ､東映児童合唱団,---
スカイヤーズ５,1967/10/04,1967/12/27,OP,スカイヤーズ５,赤坂三平,すぎやまこういち,---,ハニー･ナイツ,---
スカイヤーズ５,1967/10/04,1967/12/27,ED,スカイヤーズ･マーチ,赤坂三平,司 一郎,---,上高田少年合唱団,---
スカイヤーズ５,1967/10/04,1967/12/27,ED,スカイヤーズ･マーチ,---,司 一郎,---,---（インスト）,---
おらぁグズラだど,1967/10/07,1968/09/25,OP・ED,おらぁグズラだど,青島幸男,馬渡誠一,---,谷 啓,---
おらぁグズラだど,1967/10/07,1968/09/25,他（挿入歌等）,グズラ音頭,鳥海尽三,小野崎孝輔,---,大平 透､堀 絢子､コロムビアゆりかご会,---
ゲゲゲの鬼太郎,1968/01/03,1969/03/30,OP,ゲゲゲの鬼太郎,水木しげる,いずみたく,大柿 隆,熊倉一雄,主題歌は漫画に対して作られたものを流用したが､曲名のみ「墓場の鬼太郎」が「ゲゲゲの鬼太郎」に、「ゲゲゲの鬼太郎」が「カランコロンの歌」に変更。
ゲゲゲの鬼太郎,1968/01/03,1969/03/30,ED１,カランコロンの歌,水木しげる,いずみたく,---,加藤みどり､みすず児童合唱団,主題歌は漫画に対して作られたものを流用したが､曲名のみ「墓場の鬼太郎」が「ゲゲゲの鬼太郎」に、「ゲゲゲの鬼太郎」が「カランコロンの歌」に変更。
ゲゲゲの鬼太郎,1968/01/03,1969/03/30,ED２,鬼太郎ナイナイ音頭,水木しげる,いずみたく,親泊正昇,熊倉一雄､ひばり児童合唱団,主題歌は漫画に対して作られたものを流用したが､曲名のみ「墓場の鬼太郎」が「ゲゲゲの鬼太郎」に、「ゲゲゲの鬼太郎」が「カランコロンの歌」に変更。
ゲゲゲの鬼太郎,1968/01/03,1969/03/30,ED3,ゲゲゲの鬼太郎メキシコ・オリンピック・マーチ,木谷梨男,いずみたく,親泊正昇,熊倉一雄,主題歌は漫画に対して作られたものを流用したが､曲名のみ「墓場の鬼太郎」が「ゲゲゲの鬼太郎」に、「ゲゲゲの鬼太郎」が「カランコロンの歌」に変更。
すばらしい世界旅行 ニューヨークの旅“コンピュートピア西暦２０００年の物語”,1968/01/07,1968/01/14,---,---,---,---,---,---,---
わんぱく探偵団,1968/02/01,1968/09/26,OP・ED1,わんぱく探偵団,壇上文雄,白木治信,山下毅雄,ボーカル・ショップ､上高田少年合唱団,---
わんぱく探偵団,1968/02/01,1968/09/26,ED2,怪人二十面相はうたう,能 加平,山下毅雄,山下毅雄,世良明良,---
巨人の星,1968/03/30,1971/09/18,OP・ED,行け行け飛雄馬,東京ムービー企画部,渡辺岳夫,---,アンサンブル・ボッカ,---
巨人の星,1968/03/30,1971/09/18,他（挿入歌等）,友情の虹,東京ムービー企画部,渡辺岳夫,---,ジ・エコーズ,---
アニマル１,1968/04/01,1968/09/30,OP,アニマル１の歌,武井君子,玉木宏樹,---,朱里エイコ,---
アニマル１,1968/04/01,1968/09/30,ED,ナナコの歌,武井君子,玉木宏樹,---,葉村エツコ,---
サイボーグ００９,1968/04/05,1968/09/27,OP,サイボーグ009,漆原昌久,小杉太一郎,---,マイスタージンガー,---
サイボーグ００９,1968/04/05,1968/09/27,ED,戦いおわって,石森章太郎,小杉太一郎,---,ボーカル・ショップ,---
あかねちゃん,1968/04/06,1968/09/29,OP,あかねちゃん,高橋友一郎,淡の圭一,---,松島みのり,---
あかねちゃん,1968/04/06,1968/09/29,ED,ヒデバロ・ソング,高橋友一郎,淡の圭一,---,高橋和枝,---
ファイトだ!!ピュー太,1968/04/06,1968/09/28,OP,ファイトだ!!ピュー太,ユニ・グループ,荻原哲晶,---,フォア・ジェッツ,---
ファイトだ!!ピュー太,1968/04/06,1968/09/28,ED,ファイトだ!!ピュー太,---,荻原哲晶,---,(インスト)---,---
ファイトだ!!ピュー太,1968/04/06,1968/09/28,他（挿入歌等）,ピュー太ぐるぐるソング だれが主役だ?,ユニ・グループ,荻原哲晶,---,伊藤牧子､相模 武､小林恭治､関 敬六､菅谷政子,---
怪物くん,1968/04/21,1969/03/23,OP・ED,おれは怪物くんだ,藤子不二雄,筒美京平,---,白石冬美､大竹 宏､兼本新吾､今西正男,---
怪物くん,1968/04/21,1969/03/23,ED,怪物くん音頭,藤子不二雄,渡辺岳夫,---,白石冬美､石川 進,---
サスケ,1968/09/03,1969/03/25,OP・ED,サスケのテーマ,---,田中正史,---,(語り)勝田 久,---
サスケ,1968/09/03,1969/03/25,ED,サスケ,三浦久純,田中正史,---,ハニー・ナイツ,---
サスケ,1968/09/03,1969/03/25,他（挿入歌等）,かあさんのうた（サスケのわらべうた）,三浦久純,田中正史,---,岡田恭子,---
夕やけ番長,1968/09/30,1969/03/29,OP,夕焼け番長,小薗江圭子,宮崎 章,宮崎 章,加藤みどり,---
ドカチン,1968/10/02,1969/03/26,OP,ドカチン・ダンス,鳥海尽三/伊藤アキラ,宇野誠一郎,---,中村メイコ,---
ドカチン,1968/10/02,1969/03/26,ED,オモッチョロイ・ドカチン!,伊藤アキラ,宇野誠一郎,---,中村メイコ,---
バンパイヤ,1968/10/03,1969/03/29,OP・ED1,バンパイヤ[バンパイヤのテーマ],福田善之,林 光,---,松川義昭,実写合成作品。初期EDが「バンパイヤ」の曲の終わりから「チッペイ音頭」1番の後半部分が挿入されている。
バンパイヤ,1968/10/03,1969/03/29,ED2,チッペイ音頭,福田善之,林 光,---,堀 絢子,実写合成作品。初期EDが「バンパイヤ」の曲の終わりから「チッペイ音頭」1番の後半部分が挿入されている。
バンパイヤ,1968/10/03,1969/03/29,ED3,ロックのバラード,福田善之,林 光,---,佐藤 博,実写合成作品。初期EDが「バンパイヤ」の曲の終わりから「チッペイ音頭」1番の後半部分が挿入されている。
バンパイヤ,1968/10/03,1969/03/29,ED4,トッペイのバラード,福田善之,林 光,---,尾藤イサオ,実写合成作品。初期EDが「バンパイヤ」の曲の終わりから「チッペイ音頭」1番の後半部分が挿入されている。
佐武と市捕物控,1968/10/03,1969/09/24,OP1・ED1,佐武と市捕物控メインテーマ,---,山下毅雄,---,(ハミング)GEMシンガーズ,「佐武と市捕物控メインテーマ」は 台詞違い、SEの有無など、いくつかバージョンがある。
佐武と市捕物控,1968/10/03,1969/09/24,OP2,佐武と市捕物控メインテーマ,---,山下毅雄,---,(ハミング)伊集加代子,「佐武と市捕物控メインテーマ」は 台詞違い、SEの有無など、いくつかバージョンがある。
佐武と市捕物控,1968/10/03,1969/09/24,ED2,佐武と市捕物控,若林一郎,山下毅雄,---,坂梨 昇､GEMシンガーズ,「佐武と市捕物控メインテーマ」は 台詞違い、SEの有無など、いくつかバージョンがある。
妖怪人間ベム,1968/10/07,1969/03/31,OP,妖怪人間ベム,第一動画文芸部,田中正史,---,ハニー・ナイツ,---
妖怪人間ベム,1968/10/07,1969/03/31,ED,ベロは友だち,第一動画文芸部,宇野正寛,---,山田淑子､コロムビア(音羽)ゆりかご会､劇団こまどり,---
ジョニーサイファー,1968/10/21,1969/03/29,---,---,---,---,---,---,---
ひみつのアッコちゃん,1969/01/06,1970/10/26,OP,ひみつのアッコちゃん,山元護久/井上ひさし,小林亜星,---,岡田恭子,---
ひみつのアッコちゃん,1969/01/06,1970/10/26,ED,すきすきソング,山元護久/井上ひさし,小林亜星,---,水森亜土,---
海底少年マリン,1969/01/13,1969/09/22,OP,海底少年マリン,白鳥朝詠,広瀬健次郎,広瀬健次郎,小原乃梨子､若草児童合唱団,---
海底少年マリン,1969/01/13,1969/09/22,ED,ぼくホワイティ,白鳥朝詠,広瀬健次郎,広瀬健次郎,若草児童合唱団,---
そばかすプッチー,1969/03/31,1969/10/04,OP,そばかすプッチー,池野文雄,笠井幹男,---,ひばり児童合唱団,OPはレコードではフジ・ジュニア合唱団(別名の可能性あり)が歌っている。
そばかすプッチー,1969/03/31,1969/10/04,他（挿入歌等）,プッチー・マーチ,池野文雄,笠井幹男,---,千々松幸子,OPはレコードではフジ・ジュニア合唱団(別名の可能性あり)が歌っている。
ウメ星デンカ,1969/04/01,1969/09/23,OP,ウメ星デンカがこんにちは,藤子不二雄,鈴木邦彦,林 一,石川 進､杉山加寿子,---
ウメ星デンカ,1969/04/01,1969/09/23,他（挿入歌等）,ウメ星マーチ,藤子不二雄,鈴木邦彦,林 一,石川 進､杉山加寿子､田ノ中 勇､菅谷マサコ､大竹 宏,---
紅三四郎,1969/04/02,1969/09/24,OP１,紅 三四郎,関沢新一,越部信義,---,美樹克彦,---
紅三四郎,1969/04/02,1969/09/24,ED,男の荒野,関沢新一,越部信義,---,美樹克彦,---
紅三四郎,1969/04/02,1969/09/24,OP２,紅三四郎,丘灯至夫,和田香苗,---,堀江美都子､コロムビアゆりかご会,---
もーれつア太郎,1969/04/04,1970/12/25,OP,もーれつア太郎,河内 洋,いずみたく,---,桂 京子,---
もーれつア太郎,1969/04/04,1970/12/25,ED１,江戸っ子のスキャット,河内 洋,いずみたく,---,ハニー・ナイツ,---
もーれつア太郎,1969/04/04,1970/12/25,ED２,モーレツ音頭［ア太郎音頭］,河内 洋,いずみたく,---,加藤みどり､ハニー・ナイツ,---
もーれつア太郎,1969/04/04,1970/12/25,ED３,ニャロメのうた,河内 洋,いずみたく,---,大竹 宏,---
忍風カムイ外伝,1969/04/06,1969/09/28,OP,忍のテーマ,---,大本恭敬,川口 真,(語り)城 達也,---
忍風カムイ外伝,1969/04/06,1969/09/28,ED,忍のテーマ,李 春子,大本恭敬,川口 真,水原 弘,---
忍風カムイ外伝,1969/04/06,1969/09/28,他（挿入歌等）,白いつばめ,李 春子,山本直純,山本直純,デューク・エイセス,---
どろろ,1969/04/06,1969/06/29,(OP),どろろのテーマ,---,冨田 勲,---,男性コーラス（詳細不明),カルピス劇場第1作目作品。 / 「どろろのテーマ」の使用の有無に関しては関係者の証言のみで、資料としては残っていない模様。 / ’６９．７．６より「どろろと百鬼丸」に改題。
どろろ,1969/04/06,1969/06/29,OP・ED,どろろのうた,鈴木良武,冨田 勲,---,藤田淑子,カルピス劇場第1作目作品。 / 「どろろのテーマ」の使用の有無に関しては関係者の証言のみで、資料としては残っていない模様。 / ’６９．７．６より「どろろと百鬼丸」に改題。
どろろ,1969/04/06,1969/06/29,他（挿入歌等）,百鬼丸の歌,鈴木良武,冨田 勲,---,葵 公彦,カルピス劇場第1作目作品。 / 「どろろのテーマ」の使用の有無に関しては関係者の証言のみで、資料としては残っていない模様。 / ’６９．７．６より「どろろと百鬼丸」に改題。
六法やぶれクン,1969/04/28,1969/09/29,OP,六法やぶれクンのテーマ,---,小山恭弘,---,---,---
どろろと百鬼丸,1969/07/06,1969/09/28,---,---,---,---,---,---,主題歌の変更はなし。（「どろろ」参照）
男一匹ガキ大将,1969/09/29,1970/03/28,OP,男一匹ガキ大将,森本浩史,広瀬健次郎,---,宍倉正信,---
男一匹ガキ大将,1969/09/29,1970/03/28,他（挿入歌等）,仲間達の歌,森本浩史,広瀬健次郎,---,グリーン・フィールズ,---
ピンチとパンチ,1969/09/29,1970/03/28,---,---,---,---,---,---,---
タイガーマスク,1969/10/02,1971/09/30,OP,タイガーマスク,木谷 梨男,菊池俊輔,---,新田 洋,---
タイガーマスク,1969/10/02,1971/09/30,ED,みなし児のバラード,木谷 梨男,菊池俊輔,---,新田 洋,---
ハクション大魔王,1969/10/05,1970/09/27,OP1・ED2,ハクション大魔王のうた,丘灯至夫,市川昭介,---,島崎由利（嶋崎由理）,---
ハクション大魔王,1969/10/05,1970/09/27,ED1・OP2,アクビ娘,丘灯至夫,和田香苗,---,堀江美都子,---
サザエさん,1969/10/05,放送中,OP,サザエさん,林 春生,筒美京平,筒美京平,宇野ゆう子,---
サザエさん,1969/10/05,放送中,ED,サザエさん一家,林 春生,筒美京平,筒美京平,宇野ゆう子,---
ムーミン,1969/10/05,1970/12/27,OP・ED,ムーミンのテーマ,井上ひさし,宇野誠一郎,宇野誠一郎,藤田淑子,---
ムーミン,1969/10/05,1970/12/27,他（挿入歌等）,ノンノンのテーマ,井上ひさし,宇野誠一郎,宇野誠一郎,武藤礼子,---
アタック№１,1969/12/07,1971/11/28,OP１,アタック№１の歌,東京ムービー企画部,渡辺岳夫,松山 茂,小鳩くるみ,---
アタック№１,1969/12/07,1971/11/28,ED,バン・ボ・ボン,東京ムービー企画部,渡辺岳夫,---,伊集加代子,---
アタック№１,1969/12/07,1971/11/28,OP２,アタック№１,東京ムービー企画部,渡辺岳夫,---,大杉久美子,---
ピュンピュン丸[第2期],1969/12/29,1970/03/30,---,---,---,---,---,---,OP・EDは第１期（'６７．７．３～'６７．９．１８）より変更なし。
動物村物語,1970/03/30,1970/07/21,---,---,---,---,---,---,---
いたずら天使チッポちゃん,1970/03/30,1970/12/21,---,---,---,---,---,---,---
あしたのジョー,1970/04/01,1971/09/29,OP,あしたのジョー,寺山修司,八木正生,八木正生,尾藤イサオ,---
あしたのジョー,1970/04/01,1971/09/29,ED１,ジョーの子守唄,高森朝雄,八木正生,八木正生,小池朝雄,---
あしたのジョー,1970/04/01,1971/09/29,ED２,力石のテーマ,寺山修司,八木正生,八木正生,秀 夕樹,---
サラリーマンミニミニ作戦,1970/04/01,1970/09/30,---,---,---,---,---,---,---
ばくはつ五郎,1970/04/03,1970/09/25,OP,ばくはつ五郎,橋本 淳,和田昭治,和田昭治,ザ・ワンダース,---
ばくはつ五郎,1970/04/03,1970/09/25,ED,涙はともだち,橋本 淳,和田昭治,和田昭治,ザ・ワンダース,---
祭りだ!ワッショイ 歌謡アニメ劇場,1970/04/05,1970/09/27,---,---,---,---,---,---,---
昆虫物語 みなしごハッチ,1970/04/07,1971/12/28,OP,みなしごハッチ,丘 灯至夫,越部信義,---,嶋崎由理,---
昆虫物語 みなしごハッチ,1970/04/07,1971/12/28,ED,ママをたずねて,丘 灯至夫,和田香苗,---,嶋崎由理,---
赤き血のイレブン,1970/04/13,1971/04/05,OP,赤き血のイレブン,梶原一騎,大沢保郎,高見 弘,フォー・メイツ,---
赤き血のイレブン,1970/04/13,1971/04/05,ED,わが友 玉井真吾,梶原一騎,大沢保郎,高見 弘,フォー・メイツ,---
日本誕生[第１期],1970/06/10,1970/06/24,---,---,---,---,---,---,---
キリンものしり大学 マンガ人物史,1970/08/03,1971/09/30,---,---,---,---,---,---,---
男どアホウ! 甲子園,1970/09/28,1971/03/27,OP,男どアホウ! 甲子園,佐々木 守,土持城夫,---,フォー・スラッガーズ,---
男どアホウ! 甲子園,1970/09/28,1971/03/27,他（挿入歌等）,どアホウ賛歌,佐々木 守,土持城夫,---,フォー・スラッガーズ,---
キックの鬼,1970/10/02,1971/03/26,OP,キックの鬼,野口 修,小林亜星,小林亜星,沢村 忠､少年少女合唱団みずうみ,---
キックの鬼,1970/10/02,1971/03/26,ED,キックのあけぼの,梶原一騎,小林亜星,小林亜星,沢村 忠,---
いじわるばあさん,1970/10/03,1971/08/18,OP,いじわるマーチ,滝田 順,J.H.リープマン,---,サトー・ベベ,---
いじわるばあさん,1970/10/03,1971/08/18,ED,さすらいの“いじわるゲリラ”,南雲修治,南雲修治,利根常昭,サトー・ベベ,---
いなかっぺ大将,1970/10/04,1972/09/24,OP,大ちゃん数え唄,石本美由起,市川昭介,---,吉田よしみ,---
いなかっぺ大将,1970/10/04,1972/09/24,ED,いなかっぺ大将,石本美由起,市川昭介,---,吉田よしみ,---
のらくろ,1970/10/05,1971/03/29,OP,しっぽはぐぐんと,やなせたかし,山下毅雄,---,大山のぶ代､雨森雅司,---
のらくろ,1970/10/05,1971/03/29,ED１,アイアイミコちゃん,やなせたかし,山下毅雄,---,天地総子､松尾佳子,---
のらくろ,1970/10/05,1971/03/29,ED２,どこからぼくは,やなせたかし,山下毅雄,---,天地総子,---
われらサラリーマン党,1970/10/07,1971/03/31,---,---,---,---,---,---,---
日本誕生[第２期],1970/10/17,1970/10/24,---,---,---,---,---,---,---
魔法のマコちゃん,1970/11/02,1971/09/27,OP,魔法のマコちゃん,渡辺岳夫,渡辺岳夫,---,堀江美都子,---
魔法のマコちゃん,1970/11/02,1971/09/27,ED,ぼくはマコについてゆく,渡辺岳夫,渡辺岳夫,---,堀江美都子､コロムビア･メールハーモニー,---
カバトット,1971/01/01,1972/09/30,OP,カバトットのサンバ,丘 灯至夫,水上 勉,甲斐靖文,加世田直人､コロムビア･メールハーモニー,---
カバトット,1971/01/01,1972/09/30,他（挿入歌等）,カバトット,丘 灯至夫,和田香苗,---,面高陽子､ザ・モンジュ,---
アンデルセン物語,1971/01/03,1971/12/26,OP,ミスター･アンデルセン,井上ひさし/山元護久,宇野誠一郎,---,桜井妙子､ヤング･フレッシュ,---
アンデルセン物語,1971/01/03,1971/12/26,ED１,キャンティのうた,井上ひさし/山元護久,宇野誠一郎,---,増山江威子､ヤング･フレッシュ,---
アンデルセン物語,1971/01/03,1971/12/26,ED２,ズッコのうた,井上ひさし/山元護久,宇野誠一郎,---,山田康雄､ヤング･フレッシュ,---
珍豪ムチャ兵衛,1971/02/15,1971/03/22,OP,珍豪ムチャ兵衛,東京ムービー企画部,広瀬健次郎,---,熊倉一雄,---
珍豪ムチャ兵衛,1971/02/15,1971/03/22,ED,ボケ丸子守歌,東京ムービー企画部,広瀬健次郎,---,熊倉一雄,---
決断,1971/04/03,1971/09/25,OP,決断,丘 灯至夫,古関裕面,甲斐靖文,幹 和之､コロムビア男声合唱団,---
決断,1971/04/03,1971/09/25,ED,男ぶし,丘 灯至夫,古関裕面,高原 哲,コロムビア男声合唱団,---
さすらいの太陽,1971/04/08,1971/09/30,OP,さすらいの太陽,山上路夫,いずみたく,---,スリー・グレイセス､ボーカル･ショップ,---
さすらいの太陽,1971/04/08,1971/09/30,ED１,心のうた,三条たかし,いずみたく,---,堀江美都子,---
さすらいの太陽,1971/04/08,1971/09/30,ED２,心のうた,三条たかし,いずみたく,---,藤山ジュンコ,---
海底少年マリン[新],1971/05/11,1971/09/02,---,---,---,---,---,---,'69.1.13～9.22放送分の再放送と未放送分の放送。
新オバケのQ太郎,1971/09/01,1972/12/27,OP,新オバケのQ太郎,東京ムービー企画部,山本直純,---,堀 絢子､ニューロイヤル,---
新オバケのQ太郎,1971/09/01,1972/12/27,ED,オバQえかきうた,東京ムービー企画部,山本直純,---,ザ・グリンピース,---
天才バカボン,1971/09/25,1972/06/24,OP・ED,天才バカボン,東京ムービー企画部,渡辺岳夫,松山祐士,アイドルフォー,---
天才バカボン,1971/09/25,1972/06/24,他（挿入歌等）,バカボンのパパ,東京ムービー企画部,敏 トシ,---,敏 トシ,---
キリン世界ものしり旅行,1971/10/01,1974/12/31,---,---,---,---,---,---,---
ふしぎなメルモ,1971/10/03,1972/03/26,OP,ふしぎなメルモ,岩谷時子,宇野誠一郎,---,出原千花子､ヤング･フレッシュ,---
ふしぎなメルモ,1971/10/03,1972/03/26,ED,幸わせをはこぶメルモ,岩谷時子,宇野誠一郎,---,桜井妙子,---
さるとびエッちゃん,1971/10/04,1972/03/27,OP,エッちゃん,山元護久,宇野誠一郎,---,増山江威子,---
さるとびエッちゃん,1971/10/04,1972/03/27,ED,エッちゃんが好きや,山元護久,宇野誠一郎,---,熊倉一雄,---
国松さまのお通りだい,1971/10/06,1972/09/25,OP,国松さまのお通りだい,いしいたもつ,淡の圭一,---,山本喜代子､スタジオ･コーラス,---
国松さまのお通りだい,1971/10/06,1972/09/25,ED,逆転の応援歌,いしいたもつ,淡の圭一,---,嶋崎由理､ボーカル･ショップ,---
アパッチ野球軍,1971/10/06,1972/03/29,OP,アッパッチ野球軍,花登 筐,服部公一,---,林 恵々子,---
アパッチ野球軍,1971/10/06,1972/03/29,ED,みんなみんな,花登 筐,服部公一,---,坂本新兵,---
スカイヤーズ５[新],1971/10/07,1972/03/30,---,---,---,---,---,---,前作のカラーリメイク作品。OP､EDはそのまま流用。
ゲゲゲの鬼太郎[第2作],1971/10/07,1972/03/30,---,---,---,---,---,---,OP､EDは前作(第1作)のものを流用。
ルパン三世,1971/10/24,1972/03/26,OP１,ルパン三世 その1 [ルパン三世主題歌Ⅰ],東京ムービー企画部,山下毅雄,山下毅雄,チャーリー・コーセー,当時発売のシングルレコードが発売元（テイチク・朝日ソノラマ)により「その1」と「その2」の表記が逆になっていたため、 / その後混乱を招いていたが、OP＝その1、ED＝その2が正式な表示として扱われるようになってきたが、注意が必要。 / ※[ ]はJASRAC登録名。 / OP・ED共にSE違い、台詞有り・無しなど多種多様ある。
ルパン三世,1971/10/24,1972/03/26,ED,ルパン三世 その2 [ルパン三世主題歌Ⅱ],東京ムービー企画部,山下毅雄,山下毅雄,チャーリー・コーセー,当時発売のシングルレコードが発売元（テイチク・朝日ソノラマ)により「その1」と「その2」の表記が逆になっていたため、 / その後混乱を招いていたが、OP＝その1、ED＝その2が正式な表示として扱われるようになってきたが、注意が必要。 / ※[ ]はJASRAC登録名。 / OP・ED共にSE違い、台詞有り・無しなど多種多様ある。
ルパン三世,1971/10/24,1972/03/26,OP２,ルパン三世 その4 [AFRO“LUPIN'68”],---,山下毅雄,山下毅雄,（インスト）,当時発売のシングルレコードが発売元（テイチク・朝日ソノラマ)により「その1」と「その2」の表記が逆になっていたため、 / その後混乱を招いていたが、OP＝その1、ED＝その2が正式な表示として扱われるようになってきたが、注意が必要。 / ※[ ]はJASRAC登録名。 / OP・ED共にSE違い、台詞有り・無しなど多種多様ある。
ルパン三世,1971/10/24,1972/03/26,OP３,ルパン三世 その4 [AFRO“LUPIN'68”],東京ムービー企画部,山下毅雄,山下毅雄,よしろう・広石,当時発売のシングルレコードが発売元（テイチク・朝日ソノラマ)により「その1」と「その2」の表記が逆になっていたため、 / その後混乱を招いていたが、OP＝その1、ED＝その2が正式な表示として扱われるようになってきたが、注意が必要。 / ※[ ]はJASRAC登録名。 / OP・ED共にSE違い、台詞有り・無しなど多種多様ある。
ルパン三世,1971/10/24,1972/03/26,OP４,ルパン三世 その3 [ルパン三世主題歌3],東京ムービー企画部,チャーリー・コーセー,山下毅雄,チャーリー・コーセー,当時発売のシングルレコードが発売元（テイチク・朝日ソノラマ)により「その1」と「その2」の表記が逆になっていたため、 / その後混乱を招いていたが、OP＝その1、ED＝その2が正式な表示として扱われるようになってきたが、注意が必要。 / ※[ ]はJASRAC登録名。 / OP・ED共にSE違い、台詞有り・無しなど多種多様ある。
原始少年リュウ,1971/10/30,1972/03/25,OP,原始少年リュウが行く,石森章太郎,大塩 潤,高原 哲,水木一郎,---
原始少年リュウ,1971/10/30,1972/03/25,ED,ランのうた,石森章太郎,大塩 潤,高原 哲,堀江美都子,---
樫の木モック,1972/01/04,1972/12/26,OP・ED,樫の木モック,丘 灯至夫,越部信義,越部信義,小野木久美子､コロムビアゆりかご会,---
樫の木モック,1972/01/04,1972/12/26,他（挿入歌等）,ぼくは悲しい木の人形,丘 灯至夫,和田香苗,松岡直也,小野木久美子､ムーン・ドロップス,---
ムーミン[新],1972/01/09,1972/12/31,OP・ED1,ねえ! ムーミン,井上ひさし,宇野誠一郎,宇野誠一郎,藤田淑子,「ねえ!ムーミン」は前作の「ムーミンのテーマ」の新録音。
ムーミン[新],1972/01/09,1972/12/31,ED2,スノーク家のしつけ,井上ひさし,宇野誠一郎,---,広川太一郎,「ねえ!ムーミン」は前作の「ムーミンのテーマ」の新録音。
ムーミン[新],1972/01/09,1972/12/31,ED3,ちいさなミイ,井上ひさし,宇野誠一郎,---,堀 絢子,「ねえ!ムーミン」は前作の「ムーミンのテーマ」の新録音。
ムーミン[新],1972/01/09,1972/12/31,ED4,ムーミンは昨日,井上ひさし,宇野誠一郎,---,増山江威子,「ねえ!ムーミン」は前作の「ムーミンのテーマ」の新録音。
正義を愛する者 月光仮面,1972/01/10,1972/10/02,OP,月光仮面は誰でしょう,河内康範,三沢 郷,三沢 郷,ボニー・ジャックス､ひばり児童合唱団,---
正義を愛する者 月光仮面,1972/01/10,1972/10/02,ED,月光仮面の歌,河内康範,三沢 郷,三沢 郷,ボニー・ジャックス,---
海のトリトン,1972/04/01,1972/09/30,OP1・ED2,海のトリトン,伊勢正三,南 こうせつ,小山恭弘,須藤リカ､南こうせつとかぐや姫,OP・EDが途中から交代。よく知られているのは副題「GOGOトリトン｣のほう。
海のトリトン,1972/04/01,1972/09/30,ED1・OP2,海のトリトン[GOGOトリトン],林 春生,鈴木宏昌,---,秀 夕樹､杉並児童合唱団,OP・EDが途中から交代。よく知られているのは副題「GOGOトリトン｣のほう。
魔法使いチャッピー,1972/04/03,1972/12/25,OP,魔法使いチャッピー,小薗江圭子,筒井広志,---,シンガーズ・スリー,---
魔法使いチャッピー,1972/04/03,1972/12/25,ED,ドンちゃんのうた,小薗江圭子,筒井広志,---,富田耕生,---
赤胴鈴之助,1972/04/05,1973/03/28,OP,がんばれ! 赤胴鈴之助,藤島信人,金子三雄,松山祐士,東京城北少年少女合唱団,---
赤胴鈴之助,1972/04/05,1973/03/28,ED１,赤胴音頭,東京ムービー,渡辺岳夫,松山祐士,加世田直人､ハニー・ナイツ,---
赤胴鈴之助,1972/04/05,1973/03/28,ED２,赤胴真空斬り,東京ムービー,渡辺岳夫,松山祐士,ボーカル･ショップ,---
ミュンヘンへの道,1972/04/23,1972/08/20,OP,ミュンヘンへの道,阿久 悠,渡辺岳夫,葵 まさひこ,ハニー・ナイツ,---
ミュンヘンへの道,1972/04/23,1972/08/20,他（挿入歌等）,燃える青春,阿久 悠,渡辺岳夫,葵 まさひこ,ハニー・ナイツ,---
デビルマン,1972/07/08,1973/04/07,OP,デビルマンのうた,阿久 悠,三沢 郷,葵 まさひこ,十田敬三､ボーカル･ショップ,大阪方面では「今日もどこかでデビルマン」がEDとして使用。
デビルマン,1972/07/08,1973/04/07,(ED),今日もどこかでデビルマン,阿久 悠,都倉俊一,青木 望,十田敬三,大阪方面では「今日もどこかでデビルマン」がEDとして使用。
モンシェリCoCo,1972/08/27,1972/11/26,OP,モンシェリ ココ,有馬三恵子,川口 真,川口 真,中島まゆこ,---
モンシェリCoCo,1972/08/27,1972/11/26,他（挿入歌等）,まごころ,有馬三恵子,川口 真,川口 真,中島まゆこ,---
科学忍者隊ガッチャマン,1972/10/01,1974/09/29,OP1・ED2,倒せ! ギャラクター,竜の子プロダクション文芸部,小林亜星,ボブ佐久間,コロムビアゆりかご会,OP・EDが途中から交代。
科学忍者隊ガッチャマン,1972/10/01,1974/09/29,ED1・OP2,ガッチャマンの歌,竜の子プロダクション文芸部,小林亜星,ボブ佐久間,子門真人､コロムビアゆりかご会,OP・EDが途中から交代。
アストロガンガー,1972/10/04,1973/03/28,OP,アストロガンガー,雨宮雄児,小森昭宏,小森昭宏,水木一郎､コロムビアゆりかご会,---
アストロガンガー,1972/10/04,1973/03/28,ED,進め! アストロガンガー,雨宮雄児,小森昭宏,小森昭宏,コロムビアゆりかご会,---
かいけつタマゴン,1972/10/05,1973/09/28,OP,かいけつタマゴン,竜の子プロダクション文芸部,はやしこば,---,ムーン・ドロップス,---
かいけつタマゴン,1972/10/05,1973/09/28,他（挿入歌等）,タマゴンだよん,竜の子プロダクション文芸部,はやしこば,---,ムーン・ドロップス,---
ハゼドン,1972/10/05,1973/03/29,OP1・ED1･ED3,ぼくはハゼドン,ほしのたかし,小林亜星,ボブ佐久間,水森亜土,---
ハゼドン,1972/10/05,1973/03/29,ED2・OP2,ハゼドン音頭,矢倉沢 始,小林亜星,ボブ佐久間,和泉常寛､コロムビア(音羽)ゆりかご会,---
おんぶおばけ,1972/10/07,1973/09/29,OP,おんぶおばけの歌,横山隆一,三保敬太郎,三保敬太郎,前川陽子,---
おんぶおばけ,1972/10/07,1973/09/29,ED,おんぶはネ,亀崎経史,三保敬太郎,三保敬太郎,葉村エツコ,---
ど根性ガエル,1972/10/07,1974/09/28,OP,ど根性ガエル,東京ムービー企画部,広瀬健次郎,広志健次郎,石川 進､荒川少年少女合唱隊,---
ど根性ガエル,1972/10/07,1974/09/28,ED１,ど根性でヤンス,東京ムービー企画部,広瀬健次郎,広瀬健次郎,石川 進,---
ど根性ガエル,1972/10/07,1974/09/28,ED２,ど根性ガエル音頭,東京ムービー企画部,広瀬健次郎,広瀬健次郎,石川 進､ 荒川少年少女合唱隊､千々松幸子,---
ど根性ガエル,1972/10/07,1974/09/28,ED３,ど根性ガエルマーチ,東京ムービー企画部,北原じゅん,---,石川 進,---
マジンガーZ,1972/12/03,1974/09/01,OP,マジンガーZ,東 文彦,渡辺宙明,渡辺宙明,水木一郎,---
マジンガーZ,1972/12/03,1974/09/01,ED,ぼくらのマジンガーZ,小池一雄,渡辺宙明,渡辺宙明,水木一郎､コロムビアゆりかご会,---
バビル2世,1973/01/01,1973/09/24,OP,バビル2世,東 映二,菊池俊輔,菊池俊輔,水木一郎､コロムビアゆりかご会,---
バビル2世,1973/01/01,1973/09/24,ED,正義の超能力少年,菊池俊輔,菊池俊輔,菊池俊輔,水木一郎,---
けろっこデメタン,1973/01/02,1973/09/25,OP,けろっこデメタン,丘 灯至夫,越部信義,越部信義,堀江美都子,---
けろっこデメタン,1973/01/02,1973/09/25,ED,まけるなデメタン,丘 灯至夫,越部信義,越部信義,堀江美都子,---
山ねずみロッキーチャック,1973/01/07,1973/12/30,OP,緑の陽だまり,中山千夏,宇野誠一郎,宇野誠一郎,ミッチーとチャタラーズ,---
山ねずみロッキーチャック,1973/01/07,1973/12/30,ED,ロッキーとポリー,山元護久,宇野誠一郎,宇野誠一郎,ミッチーとチャタラーズ,---
魔人ハンター ミツルギ,1973/01/08,1973/03/26,OP,走れ! 嵐の中を,雨宮雄児,水上 勉,青木 望,水上 勉､コロムビアゆりかご会,怪獣と巨大神ミツルギの戦闘シーンが人形アニメのアニメ合成実写作品。
魔人ハンター ミツルギ,1973/01/08,1973/03/26,他（挿入歌等）,風のうわさ,雨宮雄児,水上 勉,青木 望,水上 勉､コロムビアゆりかご会,怪獣と巨大神ミツルギの戦闘シーンが人形アニメのアニメ合成実写作品。
ジャングル黒べえ,1973/03/02,1973/09/28,OP,ジャングル黒べえの歌,藤子不二雄,三沢 郷,三沢 郷,大杉久美子､肝付兼太,---
ジャングル黒べえ,1973/03/02,1973/09/28,ED,ウラウラタムタム・ベッカンコ?,藤子不二雄,三沢 郷,三沢 郷,大杉久美子､肝付兼太,---
ドラえもん,1973/04/01,1973/09/30,OP,ドラえもん,藤子不二雄,越部信義,越部信義,内藤はるみ､劇団NLT,---
ドラえもん,1973/04/01,1973/09/30,ED,ドラえもんのルンバ,横山陽一,越部信義,越部信義,内藤はるみ,---
ワンサくん,1973/04/02,1973/09/24,OP,ワンサカ・ワンサくん,山本暎一,宮川 泰,---,ロイヤル・ナイツ､シンガーズ・スリー,---
ワンサくん,1973/04/02,1973/09/24,ED,ピンコラ音頭,藤川桂介,宮川 泰,---,ロイヤル・ナイツ､シンガーズ・スリー,---
荒野の少年イサム,1973/04/04,1974/03/27,OP,荒野の少年イサム,東京ムービー企画部,渡辺岳夫,渡辺岳夫,ボーカル･ショップ,---
荒野の少年イサム,1973/04/04,1974/03/27,ED,オー サンボーイ,東京ムービー企画部,北原じゅん,北原じゅん,チャーリー チェイ,---
ミクロイドS,1973/04/07,1973/10/06,OP１(ED2),ミクロイドS,阿久 悠,三沢 郷,三沢 郷,ヤング・スターズ,大阪方面ではOP1「ミクロイドS」はのちにED2､「ヤンマだアゲハだマメゾウだ」はED1､のちにOP2。
ミクロイドS,1973/04/07,1973/10/06,OP２(ED1),ヤンマだアゲハだマメゾウだ,阿久 悠,三沢 郷,三沢 郷,ヤング・スターズ,大阪方面ではOP1「ミクロイドS」はのちにED2､「ヤンマだアゲハだマメゾウだ」はED1､のちにOP2。
チャージマン研!,1973/07/02,1973/09/28,OP,チャージマン研,ナック企画部,宮内國郎,宮内國郎,ひばり児童合唱団,---
チャージマン研!,1973/07/02,1973/09/28,他（挿入歌等）,研とキャロンの歌,ナック企画部,宮内國郎,宮内國郎,皆川おさむ､ひばり児童合唱団,---
ゼロテスター,1973/10/01,1974/06/17,OP,ゼロテスター,鈴木良武,山本直純,山本直純,子門真人､杉並児童合唱団,---
ゼロテスター,1973/10/01,1974/06/17,ED,愛する大地,高橋良輔,〃,〃,ロイヤル・ナイツ,---
ミラクル少女リミットちゃん,1973/10/01,1974/03/25,OP,幸わせを呼ぶリミットちゃん,岩谷時子,菊池俊輔,菊池俊輔,大杉久美子､ヤング･フレッシュ,---
ミラクル少女リミットちゃん,1973/10/01,1974/03/25,ED,センチなリミットちゃん,岩谷時子,菊池俊輔,菊池俊輔,大杉久美子,---
新造人間キャシャーン,1973/10/02,1974/06/25,OP,たたかえ! キャシャーン,竜の子プロダクション企画文芸部,菊池俊輔,菊池俊輔,ささきいさお,---
新造人間キャシャーン,1973/10/02,1974/06/25,ED,おれは新造人間,竜の子プロダクション企画文芸部,菊池俊輔,菊池俊輔,ささきいさお,---
空手バカ一代,1973/10/03,1974/09/25,OP,空手バカ一代,梶原一騎,平尾昌晃,小谷 充,大安蓮､パイオニア児童合唱団,---
空手バカ一代,1973/10/03,1974/09/25,ED,空手道おとこ道,梶原一騎,小谷 充,小谷 充,山崎照朝､ロイヤル・ナイツ,---
ドロロンえん魔くん,1973/10/04,1973/03/28,OP,ドロロンえん魔くん,中山千夏,小林亜星,---,中山千夏,---
ドロロンえん魔くん,1973/10/04,1973/03/28,ED,妖怪にご用心,中山千夏,小林亜星,---,中山千夏,---
エースをねらえ!,1973/10/05,1974/03/29,OP,エースをねらえ!,東京ムービー企画部,三沢 郷,三沢 郷,大杉久美子,---
エースをねらえ!,1973/10/05,1974/03/29,ED,白いテニスコートで,東京ムービー企画部,三沢 郷,三沢 郷,大杉久美子,---
冒険コロボックル,1973/10/06,1974/03/30,OP,白い風にのって,ヒロコ・ムトー,筒井広志,筒井広志,ペギー葉山,---
冒険コロボックル,1973/10/06,1974/03/30,ED,冒険コロボックル,ヒロコ・ムトー,筒井広志,筒井広志,ペギー葉山,---
侍ジャイアンツ,1973/10/07,1974/09/29,OP１,侍ジャイアンツ,東京ムービー企画部,菊池俊輔,菊池俊輔,松本茂之,31話のみOP2は歌/子門真人。
侍ジャイアンツ,1973/10/07,1974/09/29,ED１,サムライ番場蛮,東京ムービー企画部,菊池俊輔,菊池俊輔,松本茂之,31話のみOP2は歌/子門真人。
侍ジャイアンツ,1973/10/07,1974/09/29,OP２,王者・侍ジャイアンツ,梶原一騎,政岡一男,松山祐士,ロイヤル・ナイツ,31話のみOP2は歌/子門真人。
侍ジャイアンツ,1973/10/07,1974/09/29,ED２,ゆけ! バンババン,梶原一騎,政岡一男,松山祐士,ロイヤル・ナイツ,31話のみOP2は歌/子門真人。
キューティーハニー,1973/10/13,1974/03/30,OP,キューティーハニー,クロード・Q,渡辺岳夫,小谷 充,前川陽子,大阪方面では「夜霧のハニー」がEDとして使用。
キューティーハニー,1973/10/13,1974/03/30,(ED),夜霧のハニー,伊藤アキラ,渡辺岳夫,小谷 充,前川陽子,大阪方面では「夜霧のハニー」がEDとして使用。
